float_id,source,name,latitude,longitude,depth,timestamp,temperature,salinity,chlorophyll,oxygen,qc
ARGO-2902145,ARGO,INCOIS Argo #2902145 (Central Arabian Sea),16.5,64.2,0,2026-09-28T06:00:00Z,25.83,36.44,1.78,3.93,1
ARGO-2902145,ARGO,INCOIS Argo #2902145 (Central Arabian Sea),16.5,64.2,10,2026-09-28T06:00:00Z,25.22,36.33,1.54,4.03,1
ARGO-2902145,ARGO,INCOIS Argo #2902145 (Central Arabian Sea),16.5,64.2,25,2026-09-28T06:00:00Z,24.06,36.28,1.16,4.19,1
ARGO-2902145,ARGO,INCOIS Argo #2902145 (Central Arabian Sea),16.5,64.2,50,2026-09-28T06:00:00Z,22.53,36.1,0.77,4.5,1
ARGO-2902145,ARGO,INCOIS Argo #2902145 (Central Arabian Sea),16.5,64.2,75,2026-09-28T06:00:00Z,21.07,36.08,0.51,4.19,1
ARGO-2902145,ARGO,INCOIS Argo #2902145 (Central Arabian Sea),16.5,64.2,100,2026-09-28T06:00:00Z,19.59,35.94,0.36,3.93,1
ARGO-2902145,ARGO,INCOIS Argo #2902145 (Central Arabian Sea),16.5,64.2,150,2026-09-28T06:00:00Z,17.39,35.74,0.15,1.83,1
ARGO-2902145,ARGO,INCOIS Argo #2902145 (Central Arabian Sea),16.5,64.2,200,2026-09-28T06:00:00Z,15.44,35.7,0.11,1.54,1
ARGO-2902145,ARGO,INCOIS Argo #2902145 (Central Arabian Sea),16.5,64.2,300,2026-09-28T06:00:00Z,11.99,35.39,0.05,1.18,1
ARGO-2902145,ARGO,INCOIS Argo #2902145 (Central Arabian Sea),16.5,64.2,500,2026-09-28T06:00:00Z,8.01,35.19,0.02,0.9,1
ARGO-2902145,ARGO,INCOIS Argo #2902145 (Central Arabian Sea),16.5,64.2,750,2026-09-28T06:00:00Z,5.38,34.95,0.02,0.82,1
ARGO-2902145,ARGO,INCOIS Argo #2902145 (Central Arabian Sea),16.5,64.2,1000,2026-09-28T06:00:00Z,4.41,34.86,0.02,2.5,1
ARGO-2902145,ARGO,INCOIS Argo #2902145 (Central Arabian Sea),16.5,64.2,1500,2026-09-28T06:00:00Z,3.79,34.79,0.02,2.5,1
ARGO-2902145,ARGO,INCOIS Argo #2902145 (Central Arabian Sea),16.5,64.2,2000,2026-09-28T06:00:00Z,3.46,34.85,0.02,2.5,1
ARGO-2902210,ARGO,INCOIS Argo #2902210 (Central Bay of Bengal),14.8,86.4,0,2026-09-28T06:00:00Z,29.67,32.24,0.36,3.93,1
ARGO-2902210,ARGO,INCOIS Argo #2902210 (Central Bay of Bengal),14.8,86.4,10,2026-09-28T06:00:00Z,29.0,32.24,0.33,4.03,1
ARGO-2902210,ARGO,INCOIS Argo #2902210 (Central Bay of Bengal),14.8,86.4,25,2026-09-28T06:00:00Z,27.7,32.47,0.26,4.19,1
ARGO-2902210,ARGO,INCOIS Argo #2902210 (Central Bay of Bengal),14.8,86.4,50,2026-09-28T06:00:00Z,25.89,32.61,0.17,4.5,1
ARGO-2902210,ARGO,INCOIS Argo #2902210 (Central Bay of Bengal),14.8,86.4,75,2026-09-28T06:00:00Z,24.21,32.72,0.13,4.19,1
ARGO-2902210,ARGO,INCOIS Argo #2902210 (Central Bay of Bengal),14.8,86.4,100,2026-09-28T06:00:00Z,22.61,32.83,0.06,3.93,1
ARGO-2902210,ARGO,INCOIS Argo #2902210 (Central Bay of Bengal),14.8,86.4,150,2026-09-28T06:00:00Z,19.77,33.14,0.02,3.53,1
ARGO-2902210,ARGO,INCOIS Argo #2902210 (Central Bay of Bengal),14.8,86.4,200,2026-09-28T06:00:00Z,17.28,33.41,0.02,3.24,1
ARGO-2902210,ARGO,INCOIS Argo #2902210 (Central Bay of Bengal),14.8,86.4,300,2026-09-28T06:00:00Z,13.61,33.84,0.02,2.88,1
ARGO-2902210,ARGO,INCOIS Argo #2902210 (Central Bay of Bengal),14.8,86.4,500,2026-09-28T06:00:00Z,8.72,34.36,0.02,2.6,1
ARGO-2902210,ARGO,INCOIS Argo #2902210 (Central Bay of Bengal),14.8,86.4,750,2026-09-28T06:00:00Z,5.95,34.5,0.02,2.52,1
ARGO-2902210,ARGO,INCOIS Argo #2902210 (Central Bay of Bengal),14.8,86.4,1000,2026-09-28T06:00:00Z,4.68,34.72,0.02,2.5,1
ARGO-2902210,ARGO,INCOIS Argo #2902210 (Central Bay of Bengal),14.8,86.4,1500,2026-09-28T06:00:00Z,3.72,34.81,0.02,2.5,1
ARGO-2902210,ARGO,INCOIS Argo #2902210 (Central Bay of Bengal),14.8,86.4,2000,2026-09-28T06:00:00Z,3.64,34.84,0.02,2.5,1
ARGO-2902305,ARGO,INCOIS Argo #2902305 (Equatorial Indian Ocean),5.2,78.5,0,2026-09-28T06:00:00Z,29.96,32.22,0.42,3.93,1
ARGO-2902305,ARGO,INCOIS Argo #2902305 (Equatorial Indian Ocean),5.2,78.5,10,2026-09-28T06:00:00Z,28.98,32.27,0.33,4.03,1
ARGO-2902305,ARGO,INCOIS Argo #2902305 (Equatorial Indian Ocean),5.2,78.5,25,2026-09-28T06:00:00Z,27.83,32.44,0.25,4.19,1
ARGO-2902305,ARGO,INCOIS Argo #2902305 (Equatorial Indian Ocean),5.2,78.5,50,2026-09-28T06:00:00Z,25.9,32.57,0.15,4.5,1
ARGO-2902305,ARGO,INCOIS Argo #2902305 (Equatorial Indian Ocean),5.2,78.5,75,2026-09-28T06:00:00Z,24.23,32.76,0.13,4.19,1
ARGO-2902305,ARGO,INCOIS Argo #2902305 (Equatorial Indian Ocean),5.2,78.5,100,2026-09-28T06:00:00Z,22.51,32.98,0.07,3.93,1
ARGO-2902305,ARGO,INCOIS Argo #2902305 (Equatorial Indian Ocean),5.2,78.5,150,2026-09-28T06:00:00Z,19.97,33.25,0.05,3.53,1
ARGO-2902305,ARGO,INCOIS Argo #2902305 (Equatorial Indian Ocean),5.2,78.5,200,2026-09-28T06:00:00Z,17.34,33.5,0.03,3.24,1
ARGO-2902305,ARGO,INCOIS Argo #2902305 (Equatorial Indian Ocean),5.2,78.5,300,2026-09-28T06:00:00Z,13.71,33.71,0.02,2.88,1
ARGO-2902305,ARGO,INCOIS Argo #2902305 (Equatorial Indian Ocean),5.2,78.5,500,2026-09-28T06:00:00Z,8.92,34.3,0.02,2.6,1
ARGO-2902305,ARGO,INCOIS Argo #2902305 (Equatorial Indian Ocean),5.2,78.5,750,2026-09-28T06:00:00Z,6.04,34.55,0.02,2.52,1
ARGO-2902305,ARGO,INCOIS Argo #2902305 (Equatorial Indian Ocean),5.2,78.5,1000,2026-09-28T06:00:00Z,4.57,34.65,0.02,2.5,1
ARGO-2902305,ARGO,INCOIS Argo #2902305 (Equatorial Indian Ocean),5.2,78.5,1500,2026-09-28T06:00:00Z,3.84,34.76,0.02,2.5,1
ARGO-2902305,ARGO,INCOIS Argo #2902305 (Equatorial Indian Ocean),5.2,78.5,2000,2026-09-28T06:00:00Z,3.78,34.85,0.07,2.5,1
ARGO-6903212,ARGO,Argo #6903212 (Lakshadweep Basin),12.4,72.1,0,2026-09-28T06:00:00Z,28.13,36.3,0.39,3.93,1
ARGO-6903212,ARGO,Argo #6903212 (Lakshadweep Basin),12.4,72.1,10,2026-09-28T06:00:00Z,27.41,36.34,0.34,4.03,1
ARGO-6903212,ARGO,Argo #6903212 (Lakshadweep Basin),12.4,72.1,25,2026-09-28T06:00:00Z,26.48,36.29,0.3,4.19,1
ARGO-6903212,ARGO,Argo #6903212 (Lakshadweep Basin),12.4,72.1,50,2026-09-28T06:00:00Z,24.57,36.13,0.15,4.5,1
ARGO-6903212,ARGO,Argo #6903212 (Lakshadweep Basin),12.4,72.1,75,2026-09-28T06:00:00Z,22.91,36.04,0.12,4.19,1
ARGO-6903212,ARGO,Argo #6903212 (Lakshadweep Basin),12.4,72.1,100,2026-09-28T06:00:00Z,21.49,35.87,0.09,3.93,1
ARGO-6903212,ARGO,Argo #6903212 (Lakshadweep Basin),12.4,72.1,150,2026-09-28T06:00:00Z,18.79,35.87,0.04,1.83,1
ARGO-6903212,ARGO,Argo #6903212 (Lakshadweep Basin),12.4,72.1,200,2026-09-28T06:00:00Z,16.46,35.62,0.03,1.54,1
ARGO-6903212,ARGO,Argo #6903212 (Lakshadweep Basin),12.4,72.1,300,2026-09-28T06:00:00Z,13.01,35.37,0.02,1.18,1
ARGO-6903212,ARGO,Argo #6903212 (Lakshadweep Basin),12.4,72.1,500,2026-09-28T06:00:00Z,8.43,35.14,0.02,0.9,1
ARGO-6903212,ARGO,Argo #6903212 (Lakshadweep Basin),12.4,72.1,750,2026-09-28T06:00:00Z,5.76,35.06,0.03,0.82,1
ARGO-6903212,ARGO,Argo #6903212 (Lakshadweep Basin),12.4,72.1,1000,2026-09-28T06:00:00Z,4.51,34.89,0.02,2.5,1
ARGO-6903212,ARGO,Argo #6903212 (Lakshadweep Basin),12.4,72.1,1500,2026-09-28T06:00:00Z,3.77,34.69,0.02,2.5,1
ARGO-6903212,ARGO,Argo #6903212 (Lakshadweep Basin),12.4,72.1,2000,2026-09-28T06:00:00Z,3.58,34.98,0.02,2.5,1
ARGO-1901844,ARGO,Argo #1901844 (Sri Lanka Dome / South BoB),8.1,82.6,0,2026-09-28T06:00:00Z,29.79,32.26,0.41,3.93,1
ARGO-1901844,ARGO,Argo #1901844 (Sri Lanka Dome / South BoB),8.1,82.6,10,2026-09-28T06:00:00Z,29.03,32.26,0.37,4.03,1
ARGO-1901844,ARGO,Argo #1901844 (Sri Lanka Dome / South BoB),8.1,82.6,25,2026-09-28T06:00:00Z,27.8,32.39,0.24,4.19,1
ARGO-1901844,ARGO,Argo #1901844 (Sri Lanka Dome / South BoB),8.1,82.6,50,2026-09-28T06:00:00Z,25.97,32.61,0.2,4.5,1
ARGO-1901844,ARGO,Argo #1901844 (Sri Lanka Dome / South BoB),8.1,82.6,75,2026-09-28T06:00:00Z,24.22,32.72,0.11,4.19,1
ARGO-1901844,ARGO,Argo #1901844 (Sri Lanka Dome / South BoB),8.1,82.6,100,2026-09-28T06:00:00Z,22.47,32.91,0.1,3.93,1
ARGO-1901844,ARGO,Argo #1901844 (Sri Lanka Dome / South BoB),8.1,82.6,150,2026-09-28T06:00:00Z,19.8,33.23,0.09,3.53,1
ARGO-1901844,ARGO,Argo #1901844 (Sri Lanka Dome / South BoB),8.1,82.6,200,2026-09-28T06:00:00Z,17.43,33.39,0.02,3.24,1
ARGO-1901844,ARGO,Argo #1901844 (Sri Lanka Dome / South BoB),8.1,82.6,300,2026-09-28T06:00:00Z,13.53,33.76,0.02,2.88,1
ARGO-1901844,ARGO,Argo #1901844 (Sri Lanka Dome / South BoB),8.1,82.6,500,2026-09-28T06:00:00Z,8.8,34.3,0.02,2.6,1
ARGO-1901844,ARGO,Argo #1901844 (Sri Lanka Dome / South BoB),8.1,82.6,750,2026-09-28T06:00:00Z,6.03,34.61,0.02,2.52,1
ARGO-1901844,ARGO,Argo #1901844 (Sri Lanka Dome / South BoB),8.1,82.6,1000,2026-09-28T06:00:00Z,4.58,34.75,0.02,2.5,1
ARGO-1901844,ARGO,Argo #1901844 (Sri Lanka Dome / South BoB),8.1,82.6,1500,2026-09-28T06:00:00Z,3.74,34.79,0.02,2.5,1
ARGO-1901844,ARGO,Argo #1901844 (Sri Lanka Dome / South BoB),8.1,82.6,2000,2026-09-28T06:00:00Z,3.76,34.78,0.02,2.5,1
ARGO-2903102,ARGO,Argo #2903102 (Northern Bay of Bengal),19.8,89.2,0,2026-09-28T06:00:00Z,29.86,32.22,0.39,3.93,1
ARGO-2903102,ARGO,Argo #2903102 (Northern Bay of Bengal),19.8,89.2,10,2026-09-28T06:00:00Z,28.94,32.26,0.35,4.03,1
ARGO-2903102,ARGO,Argo #2903102 (Northern Bay of Bengal),19.8,89.2,25,2026-09-28T06:00:00Z,27.7,32.43,0.24,4.19,1
ARGO-2903102,ARGO,Argo #2903102 (Northern Bay of Bengal),19.8,89.2,50,2026-09-28T06:00:00Z,25.9,32.6,0.21,4.5,1
ARGO-2903102,ARGO,Argo #2903102 (Northern Bay of Bengal),19.8,89.2,75,2026-09-28T06:00:00Z,24.19,32.74,0.1,4.19,1
ARGO-2903102,ARGO,Argo #2903102 (Northern Bay of Bengal),19.8,89.2,100,2026-09-28T06:00:00Z,22.69,32.98,0.06,3.93,1
ARGO-2903102,ARGO,Argo #2903102 (Northern Bay of Bengal),19.8,89.2,150,2026-09-28T06:00:00Z,19.75,33.23,0.04,3.53,1
ARGO-2903102,ARGO,Argo #2903102 (Northern Bay of Bengal),19.8,89.2,200,2026-09-28T06:00:00Z,17.42,33.45,0.02,3.24,1
ARGO-2903102,ARGO,Argo #2903102 (Northern Bay of Bengal),19.8,89.2,300,2026-09-28T06:00:00Z,13.53,33.8,0.02,2.88,1
ARGO-2903102,ARGO,Argo #2903102 (Northern Bay of Bengal),19.8,89.2,500,2026-09-28T06:00:00Z,8.81,34.3,0.02,2.6,1
ARGO-2903102,ARGO,Argo #2903102 (Northern Bay of Bengal),19.8,89.2,750,2026-09-28T06:00:00Z,5.98,34.56,0.02,2.52,1
ARGO-2903102,ARGO,Argo #2903102 (Northern Bay of Bengal),19.8,89.2,1000,2026-09-28T06:00:00Z,4.78,34.7,0.02,2.5,1
ARGO-2903102,ARGO,Argo #2903102 (Northern Bay of Bengal),19.8,89.2,1500,2026-09-28T06:00:00Z,3.68,34.75,0.03,2.5,1
ARGO-2903102,ARGO,Argo #2903102 (Northern Bay of Bengal),19.8,89.2,2000,2026-09-28T06:00:00Z,3.68,34.78,0.02,2.5,1
ARGO-5906440,ARGO,Argo #5906440 (Northeast Arabian Sea),18.2,68.8,0,2026-09-28T06:00:00Z,28.22,36.37,1.8,3.93,1
ARGO-5906440,ARGO,Argo #5906440 (Northeast Arabian Sea),18.2,68.8,10,2026-09-28T06:00:00Z,27.42,36.36,1.52,4.03,1
ARGO-5906440,ARGO,Argo #5906440 (Northeast Arabian Sea),18.2,68.8,25,2026-09-28T06:00:00Z,26.19,36.31,1.18,4.19,1
ARGO-5906440,ARGO,Argo #5906440 (Northeast Arabian Sea),18.2,68.8,50,2026-09-28T06:00:00Z,24.7,36.15,0.78,4.5,1
ARGO-5906440,ARGO,Argo #5906440 (Northeast Arabian Sea),18.2,68.8,75,2026-09-28T06:00:00Z,22.92,36.11,0.53,4.19,1
ARGO-5906440,ARGO,Argo #5906440 (Northeast Arabian Sea),18.2,68.8,100,2026-09-28T06:00:00Z,21.44,35.97,0.34,3.93,1
ARGO-5906440,ARGO,Argo #5906440 (Northeast Arabian Sea),18.2,68.8,150,2026-09-28T06:00:00Z,18.8,35.81,0.14,1.83,1
ARGO-5906440,ARGO,Argo #5906440 (Northeast Arabian Sea),18.2,68.8,200,2026-09-28T06:00:00Z,16.31,35.64,0.07,1.54,1
ARGO-5906440,ARGO,Argo #5906440 (Northeast Arabian Sea),18.2,68.8,300,2026-09-28T06:00:00Z,12.88,35.34,0.02,1.18,1
ARGO-5906440,ARGO,Argo #5906440 (Northeast Arabian Sea),18.2,68.8,500,2026-09-28T06:00:00Z,8.69,35.14,0.02,0.9,1
ARGO-5906440,ARGO,Argo #5906440 (Northeast Arabian Sea),18.2,68.8,750,2026-09-28T06:00:00Z,5.82,34.95,0.02,0.82,1
ARGO-5906440,ARGO,Argo #5906440 (Northeast Arabian Sea),18.2,68.8,1000,2026-09-28T06:00:00Z,4.43,34.84,0.02,2.5,1
ARGO-5906440,ARGO,Argo #5906440 (Northeast Arabian Sea),18.2,68.8,1500,2026-09-28T06:00:00Z,3.77,34.7,0.02,2.5,1
ARGO-5906440,ARGO,Argo #5906440 (Northeast Arabian Sea),18.2,68.8,2000,2026-09-28T06:00:00Z,3.62,34.81,0.02,2.5,1
ARGO-2902891,ARGO,Argo #2902891 (West Lakshadweep Sea),10.5,62.5,0,2026-09-28T06:00:00Z,28.19,36.49,0.38,3.93,1
ARGO-2902891,ARGO,Argo #2902891 (West Lakshadweep Sea),10.5,62.5,10,2026-09-28T06:00:00Z,27.46,36.39,0.36,4.03,1
ARGO-2902891,ARGO,Argo #2902891 (West Lakshadweep Sea),10.5,62.5,25,2026-09-28T06:00:00Z,26.28,36.26,0.28,4.19,1
ARGO-2902891,ARGO,Argo #2902891 (West Lakshadweep Sea),10.5,62.5,50,2026-09-28T06:00:00Z,24.42,36.11,0.19,4.5,1
ARGO-2902891,ARGO,Argo #2902891 (West Lakshadweep Sea),10.5,62.5,75,2026-09-28T06:00:00Z,22.94,36.04,0.15,4.19,1
ARGO-2902891,ARGO,Argo #2902891 (West Lakshadweep Sea),10.5,62.5,100,2026-09-28T06:00:00Z,21.38,35.96,0.06,3.93,1
ARGO-2902891,ARGO,Argo #2902891 (West Lakshadweep Sea),10.5,62.5,150,2026-09-28T06:00:00Z,18.72,35.8,0.06,1.83,1
ARGO-2902891,ARGO,Argo #2902891 (West Lakshadweep Sea),10.5,62.5,200,2026-09-28T06:00:00Z,16.6,35.74,0.03,1.54,1
ARGO-2902891,ARGO,Argo #2902891 (West Lakshadweep Sea),10.5,62.5,300,2026-09-28T06:00:00Z,12.88,35.51,0.02,1.18,1
ARGO-2902891,ARGO,Argo #2902891 (West Lakshadweep Sea),10.5,62.5,500,2026-09-28T06:00:00Z,8.5,35.08,0.02,0.9,1
ARGO-2902891,ARGO,Argo #2902891 (West Lakshadweep Sea),10.5,62.5,750,2026-09-28T06:00:00Z,5.83,34.9,0.02,0.82,1
ARGO-2902891,ARGO,Argo #2902891 (West Lakshadweep Sea),10.5,62.5,1000,2026-09-28T06:00:00Z,4.54,34.9,0.02,2.5,1
ARGO-2902891,ARGO,Argo #2902891 (West Lakshadweep Sea),10.5,62.5,1500,2026-09-28T06:00:00Z,3.79,34.89,0.02,2.5,1
ARGO-2902891,ARGO,Argo #2902891 (West Lakshadweep Sea),10.5,62.5,2000,2026-09-28T06:00:00Z,3.67,34.79,0.02,2.5,1
ARGO-2903420,ARGO,Argo #2903420 (Andaman Sea Transect),11.8,92.4,0,2026-09-28T06:00:00Z,29.79,32.19,0.42,3.93,1
ARGO-2903420,ARGO,Argo #2903420 (Andaman Sea Transect),11.8,92.4,10,2026-09-28T06:00:00Z,28.98,32.27,0.34,4.03,1
ARGO-2903420,ARGO,Argo #2903420 (Andaman Sea Transect),11.8,92.4,25,2026-09-28T06:00:00Z,27.83,32.4,0.3,4.19,1
ARGO-2903420,ARGO,Argo #2903420 (Andaman Sea Transect),11.8,92.4,50,2026-09-28T06:00:00Z,25.85,32.64,0.17,4.5,1
ARGO-2903420,ARGO,Argo #2903420 (Andaman Sea Transect),11.8,92.4,75,2026-09-28T06:00:00Z,24.18,32.78,0.13,4.19,1
ARGO-2903420,ARGO,Argo #2903420 (Andaman Sea Transect),11.8,92.4,100,2026-09-28T06:00:00Z,22.42,32.91,0.08,3.93,1
ARGO-2903420,ARGO,Argo #2903420 (Andaman Sea Transect),11.8,92.4,150,2026-09-28T06:00:00Z,19.84,33.22,0.05,3.53,1
ARGO-2903420,ARGO,Argo #2903420 (Andaman Sea Transect),11.8,92.4,200,2026-09-28T06:00:00Z,17.35,33.47,0.02,3.24,1
ARGO-2903420,ARGO,Argo #2903420 (Andaman Sea Transect),11.8,92.4,300,2026-09-28T06:00:00Z,13.55,33.8,0.02,2.88,1
ARGO-2903420,ARGO,Argo #2903420 (Andaman Sea Transect),11.8,92.4,500,2026-09-28T06:00:00Z,8.97,34.3,0.02,2.6,1
ARGO-2903420,ARGO,Argo #2903420 (Andaman Sea Transect),11.8,92.4,750,2026-09-28T06:00:00Z,5.85,34.56,0.02,2.52,1
ARGO-2903420,ARGO,Argo #2903420 (Andaman Sea Transect),11.8,92.4,1000,2026-09-28T06:00:00Z,4.63,34.7,0.02,2.5,1
ARGO-2903420,ARGO,Argo #2903420 (Andaman Sea Transect),11.8,92.4,1500,2026-09-28T06:00:00Z,3.8,34.77,0.02,2.5,1
ARGO-2903420,ARGO,Argo #2903420 (Andaman Sea Transect),11.8,92.4,2000,2026-09-28T06:00:00Z,3.62,34.79,0.02,2.5,1
ARGO-2903551,ARGO,Argo #2903551 (Chagos-Laccadive Ridge),7.6,69.8,0,2026-09-28T06:00:00Z,28.17,36.47,0.4,3.93,1
ARGO-2903551,ARGO,Argo #2903551 (Chagos-Laccadive Ridge),7.6,69.8,10,2026-09-28T06:00:00Z,27.47,36.31,0.36,4.03,1
ARGO-2903551,ARGO,Argo #2903551 (Chagos-Laccadive Ridge),7.6,69.8,25,2026-09-28T06:00:00Z,26.28,36.28,0.28,4.19,1
ARGO-2903551,ARGO,Argo #2903551 (Chagos-Laccadive Ridge),7.6,69.8,50,2026-09-28T06:00:00Z,24.6,36.2,0.22,4.5,1
ARGO-2903551,ARGO,Argo #2903551 (Chagos-Laccadive Ridge),7.6,69.8,75,2026-09-28T06:00:00Z,22.94,36.1,0.1,4.19,1
ARGO-2903551,ARGO,Argo #2903551 (Chagos-Laccadive Ridge),7.6,69.8,100,2026-09-28T06:00:00Z,21.4,35.93,0.06,3.93,1
ARGO-2903551,ARGO,Argo #2903551 (Chagos-Laccadive Ridge),7.6,69.8,150,2026-09-28T06:00:00Z,18.9,35.74,0.03,1.83,1
ARGO-2903551,ARGO,Argo #2903551 (Chagos-Laccadive Ridge),7.6,69.8,200,2026-09-28T06:00:00Z,16.58,35.66,0.04,1.54,1
ARGO-2903551,ARGO,Argo #2903551 (Chagos-Laccadive Ridge),7.6,69.8,300,2026-09-28T06:00:00Z,12.95,35.47,0.02,1.18,1
ARGO-2903551,ARGO,Argo #2903551 (Chagos-Laccadive Ridge),7.6,69.8,500,2026-09-28T06:00:00Z,8.49,35.07,0.02,0.9,1
ARGO-2903551,ARGO,Argo #2903551 (Chagos-Laccadive Ridge),7.6,69.8,750,2026-09-28T06:00:00Z,5.75,34.88,0.02,0.82,1
ARGO-2903551,ARGO,Argo #2903551 (Chagos-Laccadive Ridge),7.6,69.8,1000,2026-09-28T06:00:00Z,4.5,34.83,0.02,2.5,1
ARGO-2903551,ARGO,Argo #2903551 (Chagos-Laccadive Ridge),7.6,69.8,1500,2026-09-28T06:00:00Z,3.73,34.76,0.03,2.5,1
ARGO-2903551,ARGO,Argo #2903551 (Chagos-Laccadive Ridge),7.6,69.8,2000,2026-09-28T06:00:00Z,3.57,34.82,0.02,2.5,2
ARGO-2903612,ARGO,Argo #2903612 (Coromandel Coast),13.5,81.9,0,2026-09-28T06:00:00Z,29.94,32.19,0.38,3.93,1
ARGO-2903612,ARGO,Argo #2903612 (Coromandel Coast),13.5,81.9,10,2026-09-28T06:00:00Z,28.95,32.27,0.38,4.03,1
ARGO-2903612,ARGO,Argo #2903612 (Coromandel Coast),13.5,81.9,25,2026-09-28T06:00:00Z,27.77,32.44,0.3,4.19,1
ARGO-2903612,ARGO,Argo #2903612 (Coromandel Coast),13.5,81.9,50,2026-09-28T06:00:00Z,25.88,32.55,0.16,4.5,1
ARGO-2903612,ARGO,Argo #2903612 (Coromandel Coast),13.5,81.9,75,2026-09-28T06:00:00Z,24.28,32.74,0.11,4.19,1
ARGO-2903612,ARGO,Argo #2903612 (Coromandel Coast),13.5,81.9,100,2026-09-28T06:00:00Z,22.58,32.94,0.08,3.93,1
ARGO-2903612,ARGO,Argo #2903612 (Coromandel Coast),13.5,81.9,150,2026-09-28T06:00:00Z,19.65,33.25,0.02,3.53,1
ARGO-2903612,ARGO,Argo #2903612 (Coromandel Coast),13.5,81.9,200,2026-09-28T06:00:00Z,17.37,33.43,0.03,3.24,1
ARGO-2903612,ARGO,Argo #2903612 (Coromandel Coast),13.5,81.9,300,2026-09-28T06:00:00Z,13.55,33.85,0.02,2.88,1
ARGO-2903612,ARGO,Argo #2903612 (Coromandel Coast),13.5,81.9,500,2026-09-28T06:00:00Z,8.81,34.3,0.02,2.6,1
ARGO-2903612,ARGO,Argo #2903612 (Coromandel Coast),13.5,81.9,750,2026-09-28T06:00:00Z,5.87,34.59,0.02,2.52,1
ARGO-2903612,ARGO,Argo #2903612 (Coromandel Coast),13.5,81.9,1000,2026-09-28T06:00:00Z,4.53,34.83,0.02,2.5,1
ARGO-2903612,ARGO,Argo #2903612 (Coromandel Coast),13.5,81.9,1500,2026-09-28T06:00:00Z,3.82,34.72,0.02,2.5,1
ARGO-2903612,ARGO,Argo #2903612 (Coromandel Coast),13.5,81.9,2000,2026-09-28T06:00:00Z,3.78,34.76,0.02,2.5,1
ARGO-2903780,ARGO,Argo #2903780 (Gulf of Kachchh Approaches),21.0,66.5,0,2026-09-28T06:00:00Z,28.24,36.35,1.84,3.93,1
ARGO-2903780,ARGO,Argo #2903780 (Gulf of Kachchh Approaches),21.0,66.5,10,2026-09-28T06:00:00Z,27.37,36.35,1.52,4.03,1
ARGO-2903780,ARGO,Argo #2903780 (Gulf of Kachchh Approaches),21.0,66.5,25,2026-09-28T06:00:00Z,26.17,36.22,1.18,4.19,1
ARGO-2903780,ARGO,Argo #2903780 (Gulf of Kachchh Approaches),21.0,66.5,50,2026-09-28T06:00:00Z,24.53,36.22,0.8,4.5,1
ARGO-2903780,ARGO,Argo #2903780 (Gulf of Kachchh Approaches),21.0,66.5,75,2026-09-28T06:00:00Z,22.95,35.95,0.5,4.19,1
ARGO-2903780,ARGO,Argo #2903780 (Gulf of Kachchh Approaches),21.0,66.5,100,2026-09-28T06:00:00Z,21.38,35.91,0.34,3.93,1
ARGO-2903780,ARGO,Argo #2903780 (Gulf of Kachchh Approaches),21.0,66.5,150,2026-09-28T06:00:00Z,18.76,35.83,0.14,1.83,1
ARGO-2903780,ARGO,Argo #2903780 (Gulf of Kachchh Approaches),21.0,66.5,200,2026-09-28T06:00:00Z,16.59,35.64,0.05,1.54,1
ARGO-2903780,ARGO,Argo #2903780 (Gulf of Kachchh Approaches),21.0,66.5,300,2026-09-28T06:00:00Z,12.88,35.42,0.02,1.18,1
ARGO-2903780,ARGO,Argo #2903780 (Gulf of Kachchh Approaches),21.0,66.5,500,2026-09-28T06:00:00Z,8.49,35.13,0.02,0.9,1
ARGO-2903780,ARGO,Argo #2903780 (Gulf of Kachchh Approaches),21.0,66.5,750,2026-09-28T06:00:00Z,5.73,34.9,0.02,0.82,1
ARGO-2903780,ARGO,Argo #2903780 (Gulf of Kachchh Approaches),21.0,66.5,1000,2026-09-28T06:00:00Z,4.74,34.94,0.03,2.5,1
ARGO-2903780,ARGO,Argo #2903780 (Gulf of Kachchh Approaches),21.0,66.5,1500,2026-09-28T06:00:00Z,3.69,34.75,0.02,2.5,1
ARGO-2903780,ARGO,Argo #2903780 (Gulf of Kachchh Approaches),21.0,66.5,2000,2026-09-28T06:00:00Z,3.65,34.76,0.02,2.5,1
GLIDER-IN04,GLIDER,Deep Ocean Mission Glider GL-IN-04,13.8,84.1,0,2026-09-28T06:00:00Z,29.88,32.15,0.37,3.93,1
GLIDER-IN04,GLIDER,Deep Ocean Mission Glider GL-IN-04,13.8,84.1,10,2026-09-28T06:00:00Z,28.85,32.29,0.34,4.03,1
GLIDER-IN04,GLIDER,Deep Ocean Mission Glider GL-IN-04,13.8,84.1,25,2026-09-28T06:00:00Z,27.69,32.43,0.27,4.19,1
GLIDER-IN04,GLIDER,Deep Ocean Mission Glider GL-IN-04,13.8,84.1,50,2026-09-28T06:00:00Z,25.92,32.63,0.19,4.5,1
GLIDER-IN04,GLIDER,Deep Ocean Mission Glider GL-IN-04,13.8,84.1,75,2026-09-28T06:00:00Z,24.28,32.66,0.1,4.19,1
GLIDER-IN04,GLIDER,Deep Ocean Mission Glider GL-IN-04,13.8,84.1,100,2026-09-28T06:00:00Z,22.51,32.93,0.04,3.93,1
GLIDER-IN04,GLIDER,Deep Ocean Mission Glider GL-IN-04,13.8,84.1,150,2026-09-28T06:00:00Z,19.83,33.18,0.05,3.53,1
GLIDER-IN04,GLIDER,Deep Ocean Mission Glider GL-IN-04,13.8,84.1,200,2026-09-28T06:00:00Z,17.25,33.39,0.02,3.24,1
GLIDER-IN04,GLIDER,Deep Ocean Mission Glider GL-IN-04,13.8,84.1,300,2026-09-28T06:00:00Z,13.59,33.81,0.02,2.88,1
GLIDER-IN04,GLIDER,Deep Ocean Mission Glider GL-IN-04,13.8,84.1,500,2026-09-28T06:00:00Z,9.03,34.27,0.02,2.6,1
GLIDER-IN04,GLIDER,Deep Ocean Mission Glider GL-IN-04,13.8,84.1,750,2026-09-28T06:00:00Z,5.84,34.54,0.02,2.52,1
GLIDER-IN04,GLIDER,Deep Ocean Mission Glider GL-IN-04,13.8,84.1,1000,2026-09-28T06:00:00Z,4.54,34.69,0.02,2.5,1
GLIDER-AS02,GLIDER,Arabian Sea Glider GL-AS-02,15.2,66.8,0,2026-09-28T06:00:00Z,28.25,36.45,1.81,3.93,1
GLIDER-AS02,GLIDER,Arabian Sea Glider GL-AS-02,15.2,66.8,10,2026-09-28T06:00:00Z,27.49,36.37,1.51,4.03,1
GLIDER-AS02,GLIDER,Arabian Sea Glider GL-AS-02,15.2,66.8,25,2026-09-28T06:00:00Z,26.35,36.25,1.17,4.19,1
GLIDER-AS02,GLIDER,Arabian Sea Glider GL-AS-02,15.2,66.8,50,2026-09-28T06:00:00Z,24.49,36.17,0.78,4.5,1
GLIDER-AS02,GLIDER,Arabian Sea Glider GL-AS-02,15.2,66.8,75,2026-09-28T06:00:00Z,22.93,36.06,0.52,4.19,1
GLIDER-AS02,GLIDER,Arabian Sea Glider GL-AS-02,15.2,66.8,100,2026-09-28T06:00:00Z,21.44,35.96,0.3,3.93,1
GLIDER-AS02,GLIDER,Arabian Sea Glider GL-AS-02,15.2,66.8,150,2026-09-28T06:00:00Z,18.8,35.85,0.15,1.83,1
GLIDER-AS02,GLIDER,Arabian Sea Glider GL-AS-02,15.2,66.8,200,2026-09-28T06:00:00Z,16.52,35.59,0.1,1.54,1
GLIDER-AS02,GLIDER,Arabian Sea Glider GL-AS-02,15.2,66.8,300,2026-09-28T06:00:00Z,13.06,35.49,0.02,1.18,1
GLIDER-AS02,GLIDER,Arabian Sea Glider GL-AS-02,15.2,66.8,500,2026-09-28T06:00:00Z,8.51,35.11,0.02,0.9,1
GLIDER-AS02,GLIDER,Arabian Sea Glider GL-AS-02,15.2,66.8,750,2026-09-28T06:00:00Z,5.82,34.99,0.03,0.82,1
GLIDER-AS02,GLIDER,Arabian Sea Glider GL-AS-02,15.2,66.8,1000,2026-09-28T06:00:00Z,4.4,34.8,0.02,2.5,1
CTD-SK380-01,CTD,ORV Sagar Kanya SK-380 Stn 01,11.0,87.0,0,2026-09-28T06:00:00Z,29.65,32.14,0.4,3.93,1
CTD-SK380-01,CTD,ORV Sagar Kanya SK-380 Stn 01,11.0,87.0,10,2026-09-28T06:00:00Z,28.91,32.19,0.38,4.03,1
CTD-SK380-01,CTD,ORV Sagar Kanya SK-380 Stn 01,11.0,87.0,25,2026-09-28T06:00:00Z,27.83,32.42,0.25,4.19,1
CTD-SK380-01,CTD,ORV Sagar Kanya SK-380 Stn 01,11.0,87.0,50,2026-09-28T06:00:00Z,25.97,32.61,0.21,4.5,1
CTD-SK380-01,CTD,ORV Sagar Kanya SK-380 Stn 01,11.0,87.0,75,2026-09-28T06:00:00Z,24.29,32.82,0.09,4.19,1
CTD-SK380-01,CTD,ORV Sagar Kanya SK-380 Stn 01,11.0,87.0,100,2026-09-28T06:00:00Z,22.48,32.98,0.09,3.93,1
CTD-SK380-01,CTD,ORV Sagar Kanya SK-380 Stn 01,11.0,87.0,150,2026-09-28T06:00:00Z,19.67,33.24,0.06,3.53,1
CTD-SK380-01,CTD,ORV Sagar Kanya SK-380 Stn 01,11.0,87.0,200,2026-09-28T06:00:00Z,17.37,33.39,0.05,3.24,1
CTD-SK380-01,CTD,ORV Sagar Kanya SK-380 Stn 01,11.0,87.0,300,2026-09-28T06:00:00Z,13.61,33.81,0.02,2.88,1
CTD-SK380-01,CTD,ORV Sagar Kanya SK-380 Stn 01,11.0,87.0,500,2026-09-28T06:00:00Z,8.91,34.24,0.02,2.6,1
CTD-SK380-01,CTD,ORV Sagar Kanya SK-380 Stn 01,11.0,87.0,750,2026-09-28T06:00:00Z,5.93,34.56,0.02,2.52,1
CTD-SK380-01,CTD,ORV Sagar Kanya SK-380 Stn 01,11.0,87.0,1000,2026-09-28T06:00:00Z,4.81,34.77,0.02,2.5,1
CTD-SK380-01,CTD,ORV Sagar Kanya SK-380 Stn 01,11.0,87.0,1500,2026-09-28T06:00:00Z,3.76,34.82,0.02,2.5,1
CTD-SK380-01,CTD,ORV Sagar Kanya SK-380 Stn 01,11.0,87.0,2000,2026-09-28T06:00:00Z,3.7,34.74,0.02,2.5,1
CTD-SK380-08,CTD,ORV Sagar Kanya SK-380 Stn 08,15.0,88.5,0,2026-09-28T06:00:00Z,29.97,32.13,0.43,3.93,1
CTD-SK380-08,CTD,ORV Sagar Kanya SK-380 Stn 08,15.0,88.5,10,2026-09-28T06:00:00Z,28.99,32.16,0.3,4.03,1
CTD-SK380-08,CTD,ORV Sagar Kanya SK-380 Stn 08,15.0,88.5,25,2026-09-28T06:00:00Z,27.78,32.35,0.29,4.19,1
CTD-SK380-08,CTD,ORV Sagar Kanya SK-380 Stn 08,15.0,88.5,50,2026-09-28T06:00:00Z,26.05,32.54,0.15,4.5,1
CTD-SK380-08,CTD,ORV Sagar Kanya SK-380 Stn 08,15.0,88.5,75,2026-09-28T06:00:00Z,24.26,32.75,0.1,4.19,1
CTD-SK380-08,CTD,ORV Sagar Kanya SK-380 Stn 08,15.0,88.5,100,2026-09-28T06:00:00Z,22.48,32.9,0.06,3.93,1
CTD-SK380-08,CTD,ORV Sagar Kanya SK-380 Stn 08,15.0,88.5,150,2026-09-28T06:00:00Z,19.75,33.21,0.04,3.53,1
CTD-SK380-08,CTD,ORV Sagar Kanya SK-380 Stn 08,15.0,88.5,200,2026-09-28T06:00:00Z,17.22,33.42,0.02,3.24,1
CTD-SK380-08,CTD,ORV Sagar Kanya SK-380 Stn 08,15.0,88.5,300,2026-09-28T06:00:00Z,13.56,33.9,0.03,2.88,1
CTD-SK380-08,CTD,ORV Sagar Kanya SK-380 Stn 08,15.0,88.5,500,2026-09-28T06:00:00Z,8.89,34.31,0.02,2.6,1
CTD-SK380-08,CTD,ORV Sagar Kanya SK-380 Stn 08,15.0,88.5,750,2026-09-28T06:00:00Z,5.79,34.66,0.02,2.52,1
CTD-SK380-08,CTD,ORV Sagar Kanya SK-380 Stn 08,15.0,88.5,1000,2026-09-28T06:00:00Z,4.71,34.69,0.02,2.5,1
CTD-SK380-08,CTD,ORV Sagar Kanya SK-380 Stn 08,15.0,88.5,1500,2026-09-28T06:00:00Z,3.72,34.82,0.02,2.5,1
CTD-SK380-08,CTD,ORV Sagar Kanya SK-380 Stn 08,15.0,88.5,2000,2026-09-28T06:00:00Z,3.66,34.83,0.02,2.5,1
BGC-2902998,BGC,BGC-Argo #2902998 (OMZ Bio-profiler),17.2,65.5,0,2026-09-28T06:00:00Z,25.72,36.39,1.77,3.93,1
BGC-2902998,BGC,BGC-Argo #2902998 (OMZ Bio-profiler),17.2,65.5,10,2026-09-28T06:00:00Z,25.04,36.31,1.53,4.03,1
BGC-2902998,BGC,BGC-Argo #2902998 (OMZ Bio-profiler),17.2,65.5,25,2026-09-28T06:00:00Z,24.07,36.32,1.2,4.19,1
BGC-2902998,BGC,BGC-Argo #2902998 (OMZ Bio-profiler),17.2,65.5,50,2026-09-28T06:00:00Z,22.52,36.13,0.79,4.5,1
BGC-2902998,BGC,BGC-Argo #2902998 (OMZ Bio-profiler),17.2,65.5,75,2026-09-28T06:00:00Z,20.94,36.15,0.53,4.19,1
BGC-2902998,BGC,BGC-Argo #2902998 (OMZ Bio-profiler),17.2,65.5,100,2026-09-28T06:00:00Z,19.65,35.95,0.32,3.93,1
BGC-2902998,BGC,BGC-Argo #2902998 (OMZ Bio-profiler),17.2,65.5,150,2026-09-28T06:00:00Z,17.38,35.74,0.15,1.83,1
BGC-2902998,BGC,BGC-Argo #2902998 (OMZ Bio-profiler),17.2,65.5,200,2026-09-28T06:00:00Z,15.15,35.66,0.12,1.54,1
BGC-2902998,BGC,BGC-Argo #2902998 (OMZ Bio-profiler),17.2,65.5,300,2026-09-28T06:00:00Z,12.16,35.34,0.02,1.18,1
BGC-2902998,BGC,BGC-Argo #2902998 (OMZ Bio-profiler),17.2,65.5,500,2026-09-28T06:00:00Z,8.02,35.13,0.02,0.9,1
BGC-2902998,BGC,BGC-Argo #2902998 (OMZ Bio-profiler),17.2,65.5,750,2026-09-28T06:00:00Z,5.55,34.94,0.02,0.82,1
BGC-2902998,BGC,BGC-Argo #2902998 (OMZ Bio-profiler),17.2,65.5,1000,2026-09-28T06:00:00Z,4.43,34.87,0.02,2.5,1
BGC-2902998,BGC,BGC-Argo #2902998 (OMZ Bio-profiler),17.2,65.5,1500,2026-09-28T06:00:00Z,3.85,34.71,0.02,2.5,1
BGC-2902998,BGC,BGC-Argo #2902998 (OMZ Bio-profiler),17.2,65.5,2000,2026-09-28T06:00:00Z,3.72,34.79,0.02,2.5,1
BGC-2903119,BGC,BGC-Argo #2903119 (Phytoplankton Bloom Tracker),13.1,87.8,0,2026-09-28T06:00:00Z,31.16,32.2,0.45,3.93,1
BGC-2903119,BGC,BGC-Argo #2903119 (Phytoplankton Bloom Tracker),13.1,87.8,10,2026-09-28T06:00:00Z,30.25,32.28,0.32,4.03,1
BGC-2903119,BGC,BGC-Argo #2903119 (Phytoplankton Bloom Tracker),13.1,87.8,25,2026-09-28T06:00:00Z,29.05,32.32,0.27,4.19,1
BGC-2903119,BGC,BGC-Argo #2903119 (Phytoplankton Bloom Tracker),13.1,87.8,50,2026-09-28T06:00:00Z,27.02,32.6,0.2,4.5,1
BGC-2903119,BGC,BGC-Argo #2903119 (Phytoplankton Bloom Tracker),13.1,87.8,75,2026-09-28T06:00:00Z,25.22,32.72,0.14,4.19,1
BGC-2903119,BGC,BGC-Argo #2903119 (Phytoplankton Bloom Tracker),13.1,87.8,100,2026-09-28T06:00:00Z,23.59,32.92,0.08,3.93,1
BGC-2903119,BGC,BGC-Argo #2903119 (Phytoplankton Bloom Tracker),13.1,87.8,150,2026-09-28T06:00:00Z,20.53,33.14,0.03,3.53,1
BGC-2903119,BGC,BGC-Argo #2903119 (Phytoplankton Bloom Tracker),13.1,87.8,200,2026-09-28T06:00:00Z,18.07,33.44,0.05,3.24,1
BGC-2903119,BGC,BGC-Argo #2903119 (Phytoplankton Bloom Tracker),13.1,87.8,300,2026-09-28T06:00:00Z,14.17,33.77,0.02,2.88,1
BGC-2903119,BGC,BGC-Argo #2903119 (Phytoplankton Bloom Tracker),13.1,87.8,500,2026-09-28T06:00:00Z,9.14,34.31,0.02,2.6,1
BGC-2903119,BGC,BGC-Argo #2903119 (Phytoplankton Bloom Tracker),13.1,87.8,750,2026-09-28T06:00:00Z,5.98,34.63,0.02,2.52,1
BGC-2903119,BGC,BGC-Argo #2903119 (Phytoplankton Bloom Tracker),13.1,87.8,1000,2026-09-28T06:00:00Z,4.75,34.64,0.02,2.5,1
BGC-2903119,BGC,BGC-Argo #2903119 (Phytoplankton Bloom Tracker),13.1,87.8,1500,2026-09-28T06:00:00Z,3.77,34.64,0.02,2.5,1
BGC-2903119,BGC,BGC-Argo #2903119 (Phytoplankton Bloom Tracker),13.1,87.8,2000,2026-09-28T06:00:00Z,3.4,34.75,0.02,2.5,1
